<?xml version="1.0" encoding="UTF-8" ?>
<Environment>
    <!--Timeout -->
    <Timeout>10</Timeout>

    <!--Genral -->
    <PlatformName>mobile</PlatformName>

    <!--Web -->
    <BrowserName>chrome</BrowserName>
    <url>https://demo.nopcommerce.com/</url>
    <ImageRepo>C:\\Automation\\FinalProject\\ImageRepository\\</ImageRepo>

    <!--Data Driven Testing-->
    <DDTFile>./DDTFiles/users.csv</DDTFile>

    <!--Mobile-->
    <UDID>2cce9c4b</UDID>
    <AppPackage>com.financial.calculator</AppPackage>
    <AppActivity>.FinancialCalculators</AppActivity>
    <AppiumServer>http://localhost:4723/wd/hub</AppiumServer>

</Environment>